{
    "reference_serial": "DA7403103",
    "cameras": {
        "DA7403103": {
            "K": [
                [
                    2325.1101788915425,
                    0.0,
                    1032.1716324353115
                ],
                [
                    0.0,
                    2323.5119009596547,
                    748.1029995118524
                ],
                [
                    0.0,
                    0.0,
                    1.0
                ]
            ],
            "D": [
                -0.1085830719715425,
                0.13168846655986421,
                0.00021867297290428214,
                -0.00036005412365767867,
                -0.002981017100470589
            ],
            "image_size": [
                2048,
                1536
            ],
            "R_to_ref": [
                [
                    1.0,
                    0.0,
                    0.0
                ],
                [
                    0.0,
                    1.0,
                    0.0
                ],
                [
                    0.0,
                    0.0,
                    1.0
                ]
            ],
            "t_to_ref": [
                [
                    0.0
                ],
                [
                    0.0
                ],
                [
                    0.0
                ]
            ],
            "R_world": [
                [
                    0.9658393703034135,
                    0.04621477312478055,
                    0.2549872654014918
                ],
                [
                    0.040040197180918724,
                    0.9455390052864556,
                    -0.32303679680744324
                ],
                [
                    -0.2560294775638518,
                    0.32221139679863164,
                    0.9113883488345986
                ]
            ],
            "t_world": [
                [
                    536.4194734743872
                ],
                [
                    2106.8525152417083
                ],
                [
                    2048.1734933476196
                ]
            ],
            "pos_world": [
                [
                    -78.061047158463
                ],
                [
                    -2676.8465779907146
                ],
                [
                    -1322.8707050088344
                ]
            ],
            "sources": {
                "ground_annotation": "calibration/images/ground_reg_0629_3cams_epipolar150/DA7403103/ground_001_annotations.json"
            }
        },
        "DA7403087": {
            "K": [
                [
                    2313.846053352962,
                    0.0,
                    1038.6906514439556
                ],
                [
                    0.0,
                    2312.7715199999893,
                    743.7691539452344
                ],
                [
                    0.0,
                    0.0,
                    1.0
                ]
            ],
            "D": [
                -0.10938903936129919,
                0.10353755524902768,
                -0.00073719356121575,
                8.413020374897151e-05,
                0.03585225107674441
            ],
            "image_size": [
                2048,
                1536
            ],
            "R_to_ref": [
                [
                    0.9421943498082266,
                    -0.12430100232267433,
                    0.3111576256674928
                ],
                [
                    0.11690080425396199,
                    0.9922381204428066,
                    0.04239946113930352
                ],
                [
                    -0.3140127531713161,
                    -0.0035739560300820997,
                    0.9494120378866412
                ]
            ],
            "t_to_ref": [
                [
                    -2426.4894680927155
                ],
                [
                    -412.3627409637769
                ],
                [
                    1537.1796977671843
                ]
            ],
            "R_world": [
                [
                    0.8253658365397691,
                    0.02627038521441502,
                    0.5639867930489979
                ],
                [
                    0.1417812972770787,
                    0.9572639791546993,
                    -0.25207883281890286
                ],
                [
                    -0.5465064497473342,
                    0.28802003588916864,
                    0.7863683356487382
                ]
            ],
            "t_world": [
                [
                    -1545.657149303496
                ],
                [
                    1827.6859591142415
                ],
                [
                    3305.7679140600067
                ]
            ],
            "pos_world": [
                [
                    2823.2244061418205
                ],
                [
                    -2661.1003183940797
                ],
                [
                    -1267.1000504984186
                ]
            ],
            "sources": {
                "ground_annotation": "calibration/images/ground_reg_0629_3cams_epipolar150/DA7403087/ground_001_annotations.json"
            }
        },
        "DA8474746": {
            "K": [
                [
                    2328.3467840729936,
                    0.0,
                    1017.2439260927804
                ],
                [
                    0.0,
                    2325.891874652966,
                    758.813543840248
                ],
                [
                    0.0,
                    0.0,
                    1.0
                ]
            ],
            "D": [
                -0.11318264428054177,
                0.11589113305337986,
                0.0012437783941276815,
                -0.001408522444791709,
                -0.026260013999940077
            ],
            "image_size": [
                2048,
                1536
            ],
            "R_to_ref": [
                [
                    0.8277494599077919,
                    0.16737274028181248,
                    -0.5355531695666786
                ],
                [
                    -0.14675933657441714,
                    0.9858285644021832,
                    0.0812633911239703
                ],
                [
                    0.5415648887719695,
                    0.011331699752790032,
                    0.840582574069982
                ]
            ],
            "t_to_ref": [
                [
                    2816.7129632766173
                ],
                [
                    -348.13628137119946
                ],
                [
                    899.7627796963448
                ]
            ],
            "R_world": [
                [
                    0.9432920528617484,
                    0.023950373025917543,
                    -0.33109890159858224
                ],
                [
                    -0.1230789986924734,
                    0.951540901486733,
                    -0.28181815569383384
                ],
                [
                    0.3083044973540387,
                    0.3065881478950796,
                    0.9005287582756802
                ]
            ],
            "t_world": [
                [
                    2516.457765389923
                ],
                [
                    1816.57606676362
                ],
                [
                    2935.8018994897984
                ]
            ],
            "pos_world": [
                [
                    -3055.293177061805
                ],
                [
                    -2688.898597323968
                ],
                [
                    -1298.6335202382231
                ]
            ],