{
  "reference_serial": "DB0260414",
  "cameras": {
    "DB0260414": {
      "K": [[2365.961760480333, 0.0, 1047.6526938316294], [0.0, 2364.8631913045847, 736.8946458769627], [0.0, 0.0, 1.0]],
      "D": [-0.03306438659289093, 0.10986088466910907, -0.0021560245477649886, -0.00010139582367385318, 0.14097948845528405],
      "image_size": [2048, 1536],
      "R_to_ref": [[1.0, 0.0, 0.0], [0.0, 1.0, 0.0], [0.0, 0.0, 1.0]],
      "t_to_ref": [[0.0], [0.0], [0.0]],
      "R_world": [[0.9340949757411414, -0.3570241412480373, -0.0005821179073492444], [-0.10589602353622932, -0.2755017030352422, -0.9554500739567168], [0.34095836768492854, 0.8925427576260886, -0.2951521934779519]],
      "t_world": [[2208.5065651121404], [1535.7384734156649], [5365.841108071715]],
      "pos_world": [[-3729.8547143010787], [-3577.6538948891825], [3052.346822124753]],
      "sources": {"ground_annotation": "calibration/ground_db4_action/DB0260414/ground_001_annotations.json"}
    },
    "DB0260373": {
      "K": [[2357.911231191106, 0.0, 1002.9291196895742], [0.0, 2356.9795706153664, 742.1537772279255], [0.0, 0.0, 1.0]],
      "D": [-0.04061785494129724, 0.14533638720035308, -0.005173344372688509, -0.0005249501446626141, -0.04360932946589254],
      "image_size": [2048, 1536],
      "R_to_ref": [[0.9370070300554755, -0.11229410502809846, 0.3307685892018101], [0.14161652231517058, 0.9877293051754721, -0.06584512362305828], [-0.31931580955845923, 0.10853964102353306, 0.9414120033718013]],
      "t_to_ref": [[-4874.542621652064], [329.5846744298293], [86.39713604943186]],
      "R_world": [[0.9999233764536795, -0.008371804330596033, 0.00911888774597071], [0.005236230357718579, -0.3814512111945214, -0.9243741425255649], [0.011217090224933965, 0.9243510622974817, -0.38137814635398665]],
      "t_world": [[-1202.759128449789], [1805.9251178666582], [4599.341804230601]],
      "pos_world": [[1141.6194968606926], [-3572.603423153146], [3434.4067595170145]],
      "sources": {"ground_annotation": "calibration/ground_db4_action/DB0260373/ground_001_annotations.json"}
    },
    "DB0260405": {
      "K": [[2346.879424733832, 0.0, 1045.5168303705616], [0.0, 2345.9944998853152, 741.981018037699], [0.0, 0.0, 1.0]],
      "D": [-0.04442232727592064, 0.19667627338825236, -0.003319029003458641, -0.00042440751634922143, -0.15956756049068344],
      "image_size": [2048, 1536],
      "R_to_ref": [[0.9703493660233176, -0.08922548028910268, 0.22463508525011083], [0.10884408783921318, 0.9911108962276155, -0.07649938510434136], [-0.2158125862886483, 0.09868133078790346, 0.9714354958273519]],
      "t_to_ref": [[-2446.5038277586227], [434.50493259102217], [-196.58752304883913]],
      "R_world": [[0.9924383030683515, -0.12135995889256168, 0.018384095855022646], [-0.029367092678273365, -0.38019167893594324, -0.9244413778793625], [0.11917964788686293, 0.9169111449019824, -0.38088077384412433]],
      "t_world": [[764.84828941755], [1786.491404580713], [4690.906196948125]],
      "pos_world": [[-1265.661228629605], [-3529.1130481965774], [3424.1215136768296]],
      "sources": {"ground_annotation": "calibration/ground_db4_action/DB0260405/ground_001_annotations.json"}
    },
    "DB0260378": {
      "K": [[2358.6332747274073, 0.0, 1042.8482777788538], [0.0, 2357.6899732948664, 751.793926455563], [0.0, 0.0, 1.0]],
      "D": [-0.04874160662995587, 0.23574110713550472, -0.0019945249016601824, 0.0015144102989889771, -0.29615142183406606],
      "image_size": [2048, 1536],
      "R_to_ref": [[0.7401096077057803, -0.23685712077111917, 0.6293937344155973], [0.2161139093893513, 0.9700467885469972, 0.11092342492958096], [-0.6368143738563439, 0.053925247979704105, 0.7691290664643224]],
      "t_to_ref": [[-6814.745130521087], [-1011.3355191124131], [2474.3379343767483]],
      "R_world": [[0.931011953609082, 0.36277836237576866, 0.040107381227850986], [0.13696708929916449, -0.24540352560807585, -0.9596963718114396], [-0.33831458538749914, 0.8989821852579071, -0.27816231215425763]],
      "t_world": [[-2166.732022780985], [1550.8891161062054], [5277.768649215232]],
      "pos_world": [[3590.3787577482544], [-3577.982841705904], [3043.3609355462077]],
      "sources": {"ground_annotation": "calibration/ground_db4_action/DB0260378/ground_001_annotations.json"}
    }
  },
  "diagnostics": {
    "total_rms": 0.356746643781662,
    "per_camera_rms": {"DB0260414": 0.6236947178840637, "DB0260373": 0.33163055777549744, "DB0260405": 0.6508378982543945, "DB0260378": 0.44687554240226746},
    "num_images": 50,
    "num_observations": 10560,
    "ground_reproj_error": 10.774261064193151,
    "ground_registration": {
      "registered_at": "2026-06-22T15:31:13",
      "ground_index": 1,
      "images_dir": "calibration/ground_db4_action",
      "reference_serial": "DB0260414",
      "anchor_serial": "DB0260414",
      "num_cameras_annotated": 4,
      "num_cameras_registered": 4,
      "missing_ground_annotations": [],
      "total_rms_px": 10.774261064193151,
      "per_camera_rms_px": {"DB0260414": 12.913128010351182, "DB0260373": 7.071156179020119, "DB0260405": 8.361278813383421, "DB0260378": 13.329579805928207}
    }
  },
  "board": {"inner_cols": 8, "inner_rows": 11, "square_size": 45.0},
  "config_written_at": "2026-06-22T15:31:13",
  "sources": {
    "ground_registration": {
      "images_dir": "calibration/ground_db4_action",
      "ground_index": 1,
      "annotation_files": {
        "DB0260414": "calibration/ground_db4_action/DB0260414/ground_001_annotations.json",
        "DB0260373": "calibration/ground_db4_action/DB0260373/ground_001_annotations.json",
        "DB0260405": "calibration/ground_db4_action/DB0260405/ground_001_annotations.json",
        "DB0260378": "calibration/ground_db4_action/DB0260378/ground_001_annotations.json"
      },
      "registered_at": "2026-06-22T15:31:13",
      "input_calib": "src/config/four_camera_calib.json"
    }
  }
}
