{
    "reference_serial": "DA7403103",
    "cameras": {
        "DA7403103": {
            "K": [
                [
                    2350.058013024033,
                    0.0,
                    1033.5762556747222
                ],
                [
                    0.0,
                    2351.3734312609245,
                    732.715786440456
                ],
                [
                    0.0,
                    0.0,
                    1.0
                ]
            ],
            "D": [
                -0.11547935746978659,
                0.14861048436476648,
                -0.0006701498053508905,
                0.0018704533881678045,
                -0.0777946287859176
            ],
            "image_size": [
                2048,
                1536
            ],
            "R_to_ref": [
                [
                    1.0,
                    0.0,
                    0.0
                ],
                [
                    0.0,
                    1.0,
                    0.0
                ],
                [
                    0.0,
                    0.0,
                    1.0
                ]
            ],
            "t_to_ref": [
                [
                    0.0
                ],
                [
                    0.0
                ],
                [
                    0.0
                ]
            ],
            "R_world": [
                [
                    0.96734505582332,
                    0.250176558879439,
                    -0.04068454696099351
                ],
                [
                    0.04183084599629902,
                    -0.31589144998645396,
                    -0.9478727615817905
                ],
                [
                    -0.24998744627963349,
                    0.9152181604473867,
                    -0.3160411294276255
                ]
            ],
            "t_world": [
                [
                    566.9349083193318
                ],
                [
                    2118.758165895722
                ],
                [
                    2128.444931389614
                ]
            ],
            "pos_world": [
                [
                    -104.96661413241839
                ],
                [
                    -1420.5276899964879
                ],
                [
                    2704.05478377377
                ]
            ],
            "sources": {
                "ground_annotation": "calibration/images/DA7403103/ground_001_annotations.json"
            }
        },
        "DA7403087": {
            "K": [
                [
                    2336.593746234942,
                    0.0,
                    1053.4070521777064
                ],
                [
                    0.0,
                    2334.765038047966,
                    742.4043996654592
                ],
                [
                    0.0,
                    0.0,
                    1.0
                ]
            ],
            "D": [
                -0.11708747538054855,
                0.21009341802345796,
                -0.000805397848721204,
                0.0017573560655000785,
                -0.2892097376080056
            ],
            "image_size": [
                2048,
                1536
            ],
            "R_to_ref": [
                [
                    0.9455722953863247,
                    -0.12061440397554068,
                    0.3022336840119947
                ],
                [
                    0.11526305026367425,
                    0.9926986816440676,
                    0.035549355916020375
                ],
                [
                    -0.304314744042662,
                    0.0012218902386331582,
                    0.9525707551371152
                ]
            ],
            "t_to_ref": [
                [
                    -2435.5330596373096
                ],
                [
                    -410.25384819362125
                ],
                [
                    1520.8287702994317
                ]
            ],
            "R_world": [
                [
                    0.8340946554619887,
                    0.5512708382992632,
                    -0.019661347120044807
                ],
                [
                    0.14413767476193043,
                    -0.2522134965367223,
                    -0.9568765243640086
                ],
                [
                    -0.5324569808388011,
                    0.795291654052492,
                    -0.28982882629317663
                ]
            ],
            "t_world": [
                [
                    -1511.7201175604455
                ],
                [
                    1834.046083061126
                ],
                [
                    3378.3854042678863
                ]
            ],
            "pos_world": [
                [
                    2795.407425259231
                ],
                [
                    -1390.8633242872704
                ],
                [
                    2704.3866639882035
                ]
            ],
            "sources": {
                "ground_annotation": "calibration/images/DA7403087/ground_001_annotations.json"
            }
        },
        "DA8474746": {
            "K": [
                [
                    2352.7041554735224,
                    0.0,
                    1030.9601117947952
                ],
                [
                    0.0,
                    2350.49861561156,
                    731.7939599000376
                ],
                [
                    0.0,
                    0.0,
                    1.0
                ]
            ],
            "D": [
                -0.11283511080393412,
                0.09266192092944718,
                -0.0004926969542486408,
                0.0002803392113538839,
                0.07321306793155717
            ],
            "image_size": [
                2048,
                1536
            ],
            "R_to_ref": [
                [
                    0.8290999811549838,
                    0.16384447975873379,
                    -0.5345542139964807
                ],
                [
                    -0.14120418752692682,
                    0.9864655719936842,
                    0.08334898137370295
                ],
                [
                    0.5409755989632674,
                    0.006376654590243842,
                    0.8410141137951079
                ]
            ],
            "t_to_ref": [
                [
                    2811.819314402545
                ],
                [
                    -337.51634456782796
                ],
                [
                    918.7238528480273
                ]
            ],
            "R_world": [
                [
                    0.9425113636086098,
                    -0.3335694144241588,
                    -0.020094159085757127
                ],
                [
                    -0.11616468224662349,
                    -0.27065951622565126,
                    -0.955640723742473
                ],
                [
                    0.31333384124154384,
                    0.9030364732596465,
                    -0.2938486547452598
                ]
            ],
            "t_world": [
                [
                    2491.2426582981907
                ],
                [
                    1849.9157753002462
                ],
                [
                    3028.984621167764
                ]
            ],
            "pos_world": [
                [
                    -3082.213023143854
                ],
                [
                    -1403.5839263390667
                ],
                [
                    2707.9773328418414
                ]
            ],